sweep,seed,n,m,weight_decay,nu2,eta,epsilon,c,t1,t2,grokking_delay,t2_over_t1_plus_one,initial_training_loss,initial_population_loss,training_loss_after_fit,population_loss_after_fit,population_loss_at_t2,population_loss_late,late_epoch,limiting_training_loss,limiting_population_loss,equation8_t1_upper,equation8_t2_lower,equation8_t1_pass,equation8_t2_pass,training_monotone_to_crossing,population_monotone_to_crossing,lambda_min_positive_phi_t_phi,lambda_max_phi_t_phi,gd_condition_rhs,gd_condition_pass,spectral_orthogonality_error
primary,0,100,1000,0.0001,1,1,0.01,0.01,208,22698,22490,108.60287081339713,0.5538647184938581,0.9698206157782322,0.009930721099296895,0.8291502599938035,0.009999351572095642,0.0009044333756660794,226980,5.840396584377283e-08,0.0009044333758088456,1534.970149351757,11982.02043886351,True,True,True,True,0.4609856028979489,1.7320854523039286,212.3207150806849,True,2.220446049250313e-15
primary,1,100,1000,0.0001,1,1,0.01,0.01,218,23144,22926,105.68036529680366,0.5475522004602567,1.0348165048144988,0.00988840972440561,0.8871349454315451,0.009999885397336315,0.0009091934970459165,231440,4.993922844768671e-08,0.0009091934969670355,1473.3371969067027,11982.02043886351,True,True,True,True,0.48026964989066395,1.7130154161612687,203.96938709606275,True,2.220446049250313e-15
primary,2,100,1000,0.0001,1,1,0.01,0.01,203,23045,22842,112.9656862745098,0.49413983135383804,1.0247969538614696,0.009889405149977732,0.8944701399072492,0.009998489159690932,0.0008983044907849245,230450,5.670348173227162e-08,0.0008983044909402111,1475.9602915067203,11982.02043886351,True,True,True,True,0.4794161088215513,1.6903864231947845,204.3251094468195,True,2.6645352591003757e-15
primary,3,100,1000,0.0001,1,1,0.01,0.01,225,23163,22938,102.49115044247787,0.5814877505108657,1.045323141698725,0.009892586834394628,0.888130527366555,0.009998352804642901,0.0008926046058177676,231630,5.443066050873924e-08,0.0008926046057148334,1483.5737880581644,11982.02043886351,True,True,True,True,0.4769558113152189,1.7040296290638701,205.3574424543985,True,1.9984014443252818e-15
primary,4,100,1000,0.0001,1,1,0.01,0.01,206,22597,22391,109.16425120772946,0.6279358053767027,0.95737752598889,0.009891288844825007,0.8096451218769309,0.009998880143517047,0.0008779188864032169,225970,6.549832440822542e-08,0.0008779188864558964,1481.217008799631,11982.02043886351,True,True,True,True,0.47771470049666004,1.7172426727026386,205.03790412338577,True,1.7763568394002505e-15
primary,5,100,1000,0.0001,1,1,0.01,0.01,229,22492,22263,97.79130434782608,0.6155542994036661,0.9714525253379724,0.00998124451491439,0.8107134520213468,0.009999510499678463,0.0008956168330967432,224920,5.3136565262992545e-08,0.0008956168336316869,1452.6637163795701,11982.02043886351,True,True,True,True,0.48710457330950785,1.7240474215331032,201.16491653706407,True,1.7763568394002505e-15
weight_decay,0,100,1000,1.9073486328125e-06,1,1,0.01,0.01,211,1190069,1189858,5613.5330188679245,0.5538647184938581,0.9698206157782322,0.009861333345512051,0.8637104017186299,0.009999972915348647,0.0009044170228493963,11900690,2.183521957723886e-11,0.0009044170229922121,1534.970149351757,628202.9531850873,True,True,True,True,0.4609856028979489,1.7320854523039286,216.83679714672198,True,2.220446049250313e-15
weight_decay,1,100,1000,1.9073486328125e-06,1,1,0.01,0.01,221,1213468,1213247,5466.072072072072,0.5475522004602567,1.0348165048144988,0.009865159291700287,0.9258915440351609,0.00999999940354633,0.0009091810344395277,12134680,1.861556302577035e-11,0.0009091810343606412,1473.3371969067027,628202.9531850873,True,True,True,True,0.48026964989066395,1.7130154161612687,208.13370503212727,True,2.220446049250313e-15
weight_decay,2,100,1000,1.9073486328125e-06,1,1,0.01,0.01,205,1208238,1208033,5865.233009708738,0.49413983135383804,1.0247969538614696,0.009968326773907424,0.9309026081878881,0.009999979025060281,0.0008982899812825243,12082380,2.115002764414089e-11,0.0008982899814379381,1475.9602915067203,628202.9531850873,True,True,True,True,0.4794161088215513,1.6903864231947845,208.50411397739293,True,2.6645352591003757e-15
weight_decay,3,100,1000,1.9073486328125e-06,1,1,0.01,0.01,228,1214420,1214192,5303.144104803493,0.5814877505108657,1.045323141698725,0.009882983087883261,0.9281963881875647,0.009999991934830059,0.0008925917541949026,12144200,2.026344232482648e-11,0.0008925917540918743,1483.5737880581644,628202.9531850873,True,True,True,True,0.4769558113152189,1.7040296290638701,209.579217959151,True,1.9984014443252818e-15
weight_decay,4,100,1000,1.9073486328125e-06,1,1,0.01,0.01,208,1184760,1184552,5668.708133971292,0.6279358053767027,0.95737752598889,0.009964338367037475,0.8430858470328313,0.009999969122165858,0.0008779025184806765,11847600,2.4416357762366958e-11,0.000877902518533388,1481.217008799631,628202.9531850873,True,True,True,True,0.47771470049666004,1.7172426727026386,209.24641697092974,True,1.7763568394002505e-15
weight_decay,5,100,1000,1.9073486328125e-06,1,1,0.01,0.01,232,1179273,1179041,5061.257510729613,0.6155542994036661,0.9714525253379724,0.00999324395046804,0.8480334114788015,0.009999972630482499,0.0008956047588404114,11792730,1.9764532121661886e-11,0.000895604759375492,1452.6637163795701,628202.9531850873,True,True,True,True,0.48710457330950785,1.7240474215331032,205.21437067590477,True,1.7763568394002505e-15
weight_decay,0,100,1000,3.814697265625e-06,1,1,0.01,0.01,211,595034,594823,2806.764150943396,0.5538647184938581,0.9698206157782322,0.009853196880076201,0.8630124539684705,0.009999968224335205,0.0009044170412277696,5950340,8.729413741891608e-11,0.000904417041370585,1534.970149351757,314101.47659254365,True,True,True,True,0.4609856028979489,1.7320854523039286,216.74715412858708,True,2.220446049250313e-15
weight_decay,1,100,1000,3.814697265625e-06,1,1,0.01,0.01,221,606734,606513,2733.036036036036,0.5475522004602567,1.0348165048144988,0.009856800463751342,0.9251089183629577,0.00999995947923534,0.0009091810484047867,6067340,7.442673505840935e-11,0.0009091810483259021,1473.3371969067027,314101.47659254365,True,True,True,True,0.48026964989066395,1.7130154161612687,208.05111216559,True,2.220446049250313e-15
weight_decay,2,100,1000,3.814697265625e-06,1,1,0.01,0.01,205,604119,603914,2932.616504854369,0.49413983135383804,1.0247969538614696,0.009960537740068371,0.9301714598124113,0.00999993868678403,0.0008982899975539429,6041190,8.455872836873786e-11,0.0008982899977093533,1475.9602915067203,314101.47659254365,True,True,True,True,0.4794161088215513,1.6903864231947845,208.42122693199892,True,2.6645352591003757e-15
weight_decay,3,100,1000,3.814697265625e-06,1,1,0.01,0.01,228,607210,606982,2651.5720524017465,0.5814877505108657,1.045323141698725,0.009874389824435122,0.9273872085122278,0.009999951969900094,0.0008925917685871812,6072100,8.101716627661597e-11,0.0008925917684841552,1483.5737880581644,314101.47659254365,True,True,True,True,0.4769558113152189,1.7040296290638701,209.49547410533597,True,1.9984014443252818e-15
weight_decay,4,100,1000,3.814697265625e-06,1,1,0.01,0.01,208,592379,592171,2834.349282296651,0.6279358053767027,0.95737752598889,0.009956405142097524,0.842414518722027,0.009999999478588002,0.0008779025368362396,5923790,9.761874833798417e-11,0.0008779025368889519,1481.217008799631,314101.47659254365,True,True,True,True,0.47771470049666004,1.7172426727026386,209.16293881482068,True,1.7763568394002505e-15
weight_decay,5,100,1000,3.814697265625e-06,1,1,0.01,0.01,232,589636,589404,2530.6266094420603,0.6155542994036661,0.9714525253379724,0.00998427408992248,0.8472793720123266,0.009999968236276986,0.0008956047723376337,5896360,7.902380192197914e-11,0.000895604772872713,1452.6637163795701,314101.47659254365,True,True,True,True,0.48710457330950785,1.7240474215331032,205.13407804908323,True,1.7763568394002505e-15
weight_decay,0,100,1000,7.62939453125e-06,1,1,0.01,0.01,210,297517,297307,1410.0331753554503,0.5538647184938581,0.9698206157782322,0.009998380509706018,0.8616712216221517,0.009999889079513597,0.0009044171146413834,2975170,3.4880311249616383e-10,0.0009044171147841927,1534.970149351757,157050.73829627183,True,True,True,True,0.4609856028979489,1.7320854523039286,216.56809026582394,True,2.220446049250313e-15
weight_decay,1,100,1000,7.62939453125e-06,1,1,0.01,0.01,220,303367,303147,1372.7013574660634,0.5475522004602567,1.0348165048144988,0.009989929155775117,0.923599529875886,0.009999879658698653,0.0009091811041976514,3033670,2.974231382800427e-10,0.0009091811041187701,1473.3371969067027,157050.73829627183,True,True,True,True,0.48026964989066395,1.7130154161612687,207.8861229265509,True,2.220446049250313e-15
weight_decay,2,100,1000,7.62939453125e-06,1,1,0.01,0.01,205,302059,301854,1466.3058252427184,0.49413983135383804,1.0247969538614696,0.009944978118084575,0.9287108821973005,0.009999928086247169,0.0008982900625578215,3020590,3.3790425696347446e-10,0.000898290062713231,1475.9602915067203,157050.73829627183,True,True,True,True,0.4794161088215513,1.6903864231947845,208.25565038563929,True,2.6645352591003757e-15
weight_decay,3,100,1000,7.62939453125e-06,1,1,0.01,0.01,228,303605,303377,1325.7860262008733,0.5814877505108657,1.045323141698725,0.00985722591022878,0.9257709629775837,0.009999872068979272,0.0008925918260876862,3036050,3.2377617747967216e-10,0.0008925918259846648,1483.5737880581644,157050.73829627183,True,True,True,True,0.4769558113152189,1.7040296290638701,209.32818701205252,True,1.9984014443252818e-15
weight_decay,4,100,1000,7.62939453125e-06,1,1,0.01,0.01,208,296189,295981,1417.1722488038276,0.6279358053767027,0.95737752598889,0.009940557792855192,0.8410734630957862,0.009999990495155884,0.0008779026101661819,2961890,3.901019844657617e-10,0.0008779026102188938,1481.217008799631,157050.73829627183,True,True,True,True,0.47771470049666004,1.7172426727026386,208.9961821632767,True,1.7763568394002505e-15
weight_decay,5,100,1000,7.62939453125e-06,1,1,0.01,0.01,232,294818,294586,1265.3133047210301,0.6155542994036661,0.9714525253379724,0.009966358506341526,0.8457732998444789,0.009999888750554024,0.0008956048262668447,2948180,3.158208879782179e-10,0.000895604826801901,1452.6637163795701,157050.73829627183,True,True,True,True,0.48710457330950785,1.7240474215331032,204.97368114087567,True,1.7763568394002505e-15
weight_decay,0,100,1000,1.52587890625e-05,1,1,0.01,0.01,210,148758,148548,705.0142180094787,0.5538647184938581,0.9698206157782322,0.009965579989832048,0.8589024782570173,0.009999870534110732,0.0009044174074991229,1487580,1.392232768978541e-09,0.0009044174076419308,1534.970149351757,78525.36914813591,True,True,True,True,0.4609856028979489,1.7320854523039286,216.21084866890791,True,2.220446049250313e-15
weight_decay,1,100,1000,1.52587890625e-05,1,1,0.01,0.01,220,151683,151463,686.3484162895927,0.5475522004602567,1.0348165048144988,0.00995626465563907,0.9204947462058376,0.009999858172251939,0.0009091813268252022,1516830,1.1874274738600762e-09,0.0009091813267463221,1473.3371969067027,78525.36914813591,True,True,True,True,0.48026964989066395,1.7130154161612687,207.5569282465299,True,2.220446049250313e-15
weight_decay,2,100,1000,1.52587890625e-05,1,1,0.01,0.01,205,151029,150824,733.1504854368932,0.49413983135383804,1.0247969538614696,0.009913932521466811,0.9257965909737343,0.00999990701413614,0.0008982903219208939,1510290,1.3489781768434819e-09,0.0008982903220763015,1475.9602915067203,78525.36914813591,True,True,True,True,0.4794161088215513,1.6903864231947845,207.92528527701973,True,2.6645352591003757e-15
weight_decay,3,100,1000,1.52587890625e-05,1,1,0.01,0.01,227,151802,151575,665.7982456140351,0.5814877505108657,1.045323141698725,0.009971957265072707,0.9226147564330627,0.009999850458722887,0.0008925920555423073,1518020,1.2927701795712998e-09,0.000892592055439287,1483.5737880581644,78525.36914813591,True,True,True,True,0.4769558113152189,1.7040296290638701,208.99441304371382,True,1.9984014443252818e-15
weight_decay,4,100,1000,1.52587890625e-05,1,1,0.01,0.01,208,148094,147886,708.5837320574162,0.6279358053767027,0.95737752598889,0.009908939354621091,0.8383977439808417,0.009999972673837869,0.000877902902749548,1480940,1.5574310916271217e-09,0.0008779029028022596,1481.217008799631,78525.36914813591,True,True,True,True,0.47771470049666004,1.7172426727026386,208.6634652779004,True,1.7763568394002505e-15
weight_decay,5,100,1000,1.52587890625e-05,1,1,0.01,0.01,232,147409,147177,632.6566523605151,0.6155542994036661,0.9714525253379724,0.009930623688630104,0.8427691660057159,0.009999729887342131,0.0008956050415072593,1474090,1.261093667932566e-09,0.0008956050420422697,1452.6637163795701,78525.36914813591,True,True,True,True,0.48710457330950785,1.7240474215331032,204.6536386476469,True,1.7763568394002505e-15
weight_decay,0,100,1000,3.0517578125e-05,1,1,0.01,0.01,210,74379,74169,352.50710900473933,0.5538647184938581,0.9698206157782322,0.009900299528742077,0.8533916095270253,0.00999955482761136,0.000904418572594445,743790,5.545217971126968e-09,0.0009044185727372281,1534.970149351757,39262.68457406796,True,True,True,True,0.4609856028979489,1.7320854523039286,215.49988959272233,True,2.220446049250313e-15
weight_decay,1,100,1000,3.0517578125e-05,1,1,0.01,0.01,220,75841,75621,343.17194570135746,0.5475522004602567,1.0348165048144988,0.009889277421304774,0.9143164235895845,0.009999815638726024,0.0009091822130076502,758410,4.731674194879366e-09,0.0009091822129287718,1473.3371969067027,39262.68457406796,True,True,True,True,0.48026964989066395,1.7130154161612687,206.90165675718603,True,2.220446049250313e-15
weight_decay,2,100,1000,3.0517578125e-05,1,1,0.01,0.01,205,75514,75309,366.5728155339806,0.49413983135383804,1.0247969538614696,0.009852134837399744,0.9199953645523891,0.009999865381879285,0.0008982913541826974,755140,5.374903764943546e-09,0.0008982913543381016,1475.9602915067203,39262.68457406796,True,True,True,True,0.4794161088215513,1.6903864231947845,207.267689551332,True,2.6645352591003757e-15
weight_decay,3,100,1000,3.0517578125e-05,1,1,0.01,0.01,227,75901,75674,332.89912280701753,0.5814877505108657,1.045323141698725,0.00990310396893194,0.9162277097633186,0.009999531540045462,0.0008925929690052502,759010,5.152489954079188e-09,0.0008925929689022482,1483.5737880581644,39262.68457406796,True,True,True,True,0.4769558113152189,1.7040296290638701,208.33004817345352,True,1.9984014443252818e-15
weight_decay,4,100,1000,3.0517578125e-05,1,1,0.01,0.01,208,74047,73839,354.2918660287081,0.6279358053767027,0.95737752598889,0.009846006384155677,0.8330717798303603,0.009999658679610928,0.0008779040672253591,740470,6.206024556953752e-09,0.0008779040672780615,1481.217008799631,39262.68457406796,True,True,True,True,0.47771470049666004,1.7172426727026386,208.00119948404208,True,1.7763568394002505e-15
weight_decay,5,100,1000,3.0517578125e-05,1,1,0.01,0.01,232,73704,73472,316.3261802575107,0.6155542994036661,0.9714525253379724,0.009859537851625876,0.8367928082461095,0.009999695479432507,0.000895605898676486,737040,5.0269300217177926e-09,0.0008956058992114863,1452.6637163795701,39262.68457406796,True,True,True,True,0.48710457330950785,1.7240474215331032,204.01654258161236,True,1.7763568394002505e-15
weight_decay,0,100,1000,0.0001,1,1,0.01,0.01,208,22698,22490,108.60287081339713,0.5538647184938581,0.9698206157782322,0.009930721099296895,0.8291502599938035,0.009999351572095642,0.0009044333756660794,226980,5.840396584377283e-08,0.0009044333758088456,1534.970149351757,11982.02043886351,True,True,True,True,0.4609856028979489,1.7320854523039286,212.3207150806849,True,2.220446049250313e-15
weight_decay,1,100,1000,0.0001,1,1,0.01,0.01,218,23144,22926,105.68036529680366,0.5475522004602567,1.0348165048144988,0.00988840972440561,0.8871349454315451,0.009999885397336315,0.0009091934970459165,231440,4.993922844768671e-08,0.0009091934969670355,1473.3371969067027,11982.02043886351,True,True,True,True,0.48026964989066395,1.7130154161612687,203.96938709606275,True,2.220446049250313e-15
weight_decay,2,100,1000,0.0001,1,1,0.01,0.01,203,23045,22842,112.9656862745098,0.49413983135383804,1.0247969538614696,0.009889405149977732,0.8944701399072492,0.009998489159690932,0.0008983044907849245,230450,5.670348173227162e-08,0.0008983044909402111,1475.9602915067203,11982.02043886351,True,True,True,True,0.4794161088215513,1.6903864231947845,204.3251094468195,True,2.6645352591003757e-15
weight_decay,3,100,1000,0.0001,1,1,0.01,0.01,225,23163,22938,102.49115044247787,0.5814877505108657,1.045323141698725,0.009892586834394628,0.888130527366555,0.009998352804642901,0.0008926046058177676,231630,5.443066050873924e-08,0.0008926046057148334,1483.5737880581644,11982.02043886351,True,True,True,True,0.4769558113152189,1.7040296290638701,205.3574424543985,True,1.9984014443252818e-15
weight_decay,4,100,1000,0.0001,1,1,0.01,0.01,206,22597,22391,109.16425120772946,0.6279358053767027,0.95737752598889,0.009891288844825007,0.8096451218769309,0.009998880143517047,0.0008779188864032169,225970,6.549832440822542e-08,0.0008779188864558964,1481.217008799631,11982.02043886351,True,True,True,True,0.47771470049666004,1.7172426727026386,205.03790412338577,True,1.7763568394002505e-15
weight_decay,5,100,1000,0.0001,1,1,0.01,0.01,229,22492,22263,97.79130434782608,0.6155542994036661,0.9714525253379724,0.00998124451491439,0.8107134520213468,0.009999510499678463,0.0008956168330967432,224920,5.3136565262992545e-08,0.0008956168336316869,1452.6637163795701,11982.02043886351,True,True,True,True,0.48710457330950785,1.7240474215331032,201.16491653706407,True,1.7763568394002505e-15
sample_size,0,25,1000,0.0001,1,1,0.01,0.01,45,23203,23158,504.4130434782609,0.29680441213496833,0.9698206157782323,0.009332029361851193,0.945931752868252,0.009998504001545446,0.0009796031705498118,232030,2.424270364898233e-09,0.0009796031707184308,242.37564042430589,12378.271466950326,True,True,True,True,0.7298579371368986,1.316924891857149,34.13631331386361,True,1.9984014443252818e-15
sample_size,1,25,1000,0.0001,1,1,0.01,0.01,45,23682,23637,514.8260869565217,0.31217047795844655,1.034816504814499,0.009467006955210142,1.0096269627071701,0.009999007979900222,0.000975190807567159,236820,3.2494950000374593e-09,0.0009751908075042487,251.32304565715444,12378.271466950326,True,True,True,True,0.7038741093948014,1.3357660608985846,35.39201064634035,True,1.3322676295501878e-15
sample_size,2,25,1000,0.0001,1,1,0.01,0.01,48,23498,23450,479.55102040816325,0.4719285164636988,1.0247969538614696,0.009957379931244665,0.9915854491299757,0.009998955200876576,0.0009844410849803834,234980,2.206564974143262e-09,0.0009844410850385198,252.0159211216723,12378.271466950326,True,True,True,True,0.7019389257034759,1.3152633517374268,35.489237019425325,True,2.7755575615628914e-15
sample_size,3,25,1000,0.0001,1,1,0.01,0.01,46,23701,23655,504.27659574468083,0.45329305116686924,1.045323141698725,0.009442610310829363,1.0143212948750848,0.00999969098095965,0.0009791356807462217,237010,2.8777604170479136e-09,0.0009791356806921252,255.19693140880935,12378.271466950326,True,True,True,True,0.6931893105287239,1.3664967820415,35.93558161904198,True,1.9984014443252818e-15
sample_size,4,25,1000,0.0001,1,1,0.01,0.01,53,23121,23068,428.1666666666667,0.7836609912361654,0.95737752598889,0.009390000724290975,0.9100045878523412,0.009999023312476159,0.0009643110637161934,231210,4.3253994212953296e-09,0.0009643110636898295,243.45324229889465,12378.271466950326,True,True,True,True,0.7266273525950152,1.2806679762143671,34.28756294908325,True,1.7763568394002505e-15
sample_size,5,25,1000,0.0001,1,1,0.01,0.01,49,23052,23003,461.04,0.6478951858127507,0.9714525253379723,0.009829629677670348,0.9316066319693382,0.009998750213656591,0.0009722170172716076,230520,3.368995808504957e-09,0.0009722170176153907,237.9101410145037,12378.271466950326,True,True,True,True,0.7435571437937749,1.2786495523696881,33.50949750695035,True,2.220446049250313e-15
sample_size,0,50,1000,0.0001,1,1,0.01,0.01,105,22960,22855,216.60377358490567,0.5727337010851659,0.9698206157782323,0.009711442364122814,0.8944554051355577,0.00999976247585289,0.00096131226323542,229600,1.1006549549029133e-08,0.0009613122634651218,583.2144483338983,12249.6799501025,True,True,True,True,0.60663718272988,1.443019826838409,81.74780966853305,True,2.55351295663786e-15
sample_size,1,50,1000,0.0001,1,1,0.01,0.01,102,23513,23411,228.28155339805826,0.38409361994726743,1.0348165048144993,0.00998513669043344,0.9737435322406665,0.00999962788043758,0.0009518334424412852,235130,1.2612973869297802e-08,0.0009518334424032676,578.7971135066529,12249.6799501025,True,True,True,True,0.6112669908133025,1.493192494092179,81.13366567632283,True,2.6645352591003757e-15
sample_size,2,50,1000,0.0001,1,1,0.01,0.01,101,23354,23253,228.9607843137255,0.4789506017584194,1.0247969538614699,0.009851622018288543,0.9578761084881519,0.009999700534599794,0.0009595778084380217,233540,1.0888460404960858e-08,0.0009595778085139608,568.1962046622415,12249.6799501025,True,True,True,True,0.6226714767919821,1.4754465601942577,79.65950636398061,True,2.6645352591003757e-15
sample_size,3,50,1000,0.0001,1,1,0.01,0.01,100,23534,23434,233.009900990099,0.6046803658011566,1.045323141698725,0.009760983172157756,0.9693695030598256,0.00999890970493379,0.0009571467248778704,235340,1.033505490819635e-08,0.0009571467247887778,591.1297660556686,12249.6799501025,True,True,True,True,0.5985142183337774,1.453110192808541,82.84808954135889,True,2.1094237467877974e-15
sample_size,4,50,1000,0.0001,1,1,0.01,0.01,105,22923,22818,216.25471698113208,0.7062791334772832,0.9573775259888901,0.009847154518240305,0.8721325020632261,0.009999729996263978,0.0009295858432422166,229230,1.8213095479198642e-08,0.0009295858432415673,602.8977203183017,12249.6799501025,True,True,True,True,0.5868318256002819,1.4572854187504398,84.48345938356071,True,1.7763568394002505e-15
sample_size,5,50,1000,0.0001,1,1,0.01,0.01,108,22822,22714,209.37614678899084,0.7163467140981433,0.9714525253379726,0.009896124801742933,0.8828010685554621,0.009998734152262847,0.0009467201795159837,228220,1.3043551487738884e-08,0.0009467201799461488,575.061581806112,12249.6799501025,True,True,True,True,0.6152377085484462,1.4844622823143785,80.61425371413797,True,2.220446049250313e-15
sample_size,0,100,1000,0.0001,1,1,0.01,0.01,208,22698,22490,108.60287081339713,0.5538647184938581,0.9698206157782322,0.009930721099296895,0.8291502599938035,0.009999351572095642,0.0009044333756660794,226980,5.840396584377283e-08,0.0009044333758088456,1534.970149351757,11982.02043886351,True,True,True,True,0.4609856028979489,1.7320854523039286,212.3207150806849,True,2.220446049250313e-15
sample_size,1,100,1000,0.0001,1,1,0.01,0.01,218,23144,22926,105.68036529680366,0.5475522004602567,1.0348165048144988,0.00988840972440561,0.8871349454315451,0.009999885397336315,0.0009091934970459165,231440,4.993922844768671e-08,0.0009091934969670355,1473.3371969067027,11982.02043886351,True,True,True,True,0.48026964989066395,1.7130154161612687,203.96938709606275,True,2.220446049250313e-15
sample_size,2,100,1000,0.0001,1,1,0.01,0.01,203,23045,22842,112.9656862745098,0.49413983135383804,1.0247969538614696,0.009889405149977732,0.8944701399072492,0.009998489159690932,0.0008983044907849245,230450,5.670348173227162e-08,0.0008983044909402111,1475.9602915067203,11982.02043886351,True,True,True,True,0.4794161088215513,1.6903864231947845,204.3251094468195,True,2.6645352591003757e-15
sample_size,3,100,1000,0.0001,1,1,0.01,0.01,225,23163,22938,102.49115044247787,0.5814877505108657,1.045323141698725,0.009892586834394628,0.888130527366555,0.009998352804642901,0.0008926046058177676,231630,5.443066050873924e-08,0.0008926046057148334,1483.5737880581644,11982.02043886351,True,True,True,True,0.4769558113152189,1.7040296290638701,205.3574424543985,True,1.9984014443252818e-15
sample_size,4,100,1000,0.0001,1,1,0.01,0.01,206,22597,22391,109.16425120772946,0.6279358053767027,0.95737752598889,0.009891288844825007,0.8096451218769309,0.009998880143517047,0.0008779188864032169,225970,6.549832440822542e-08,0.0008779188864558964,1481.217008799631,11982.02043886351,True,True,True,True,0.47771470049666004,1.7172426727026386,205.03790412338577,True,1.7763568394002505e-15
sample_size,5,100,1000,0.0001,1,1,0.01,0.01,229,22492,22263,97.79130434782608,0.6155542994036661,0.9714525253379724,0.00998124451491439,0.8107134520213468,0.009999510499678463,0.0008956168330967432,224920,5.3136565262992545e-08,0.0008956168336316869,1452.6637163795701,11982.02043886351,True,True,True,True,0.48710457330950785,1.7240474215331032,201.16491653706407,True,1.7763568394002505e-15
sample_size,0,200,1000,0.0001,1,1,0.01,0.01,448,21954,21506,48.89532293986637,0.5530076645040797,0.9698206157782322,0.009955346086650758,0.6970694607220672,0.009999916100138805,0.0007976868525305056,219540,2.5003707869648393e-07,0.0007976868529353334,4538.4072052534875,11398.93610393092,True,True,True,True,0.31182708281891697,2.059420763445254,602.7235580079007,True,2.4424906541753444e-15
sample_size,1,200,1000,0.0001,1,1,0.01,0.01,483,22459,21976,46.40289256198347,0.5134193307380912,1.034816504814499,0.009943424026928415,0.7493265141577224,0.009998792284014332,0.0008004905512585045,224590,2.3626916880873738e-07,0.0008004905511425563,4504.288090407717,11398.93610393092,True,True,True,True,0.31418911291938445,2.0957258802158414,598.4635413549378,True,2.55351295663786e-15
sample_size,2,200,1000,0.0001,1,1,0.01,0.01,410,22531,22121,54.819951338199516,0.46626476145312934,1.0247969538614696,0.009965031718316152,0.7903785285047975,0.00999947369404774,0.0007954467320707018,225310,2.2767042961653347e-07,0.00079544673237445,4490.663276477226,11398.93610393092,True,True,True,True,0.31514237259149924,2.0786979705549946,596.7613061084861,True,2.9976021664879227e-15
sample_size,3,200,1000,0.0001,1,1,0.01,0.01,442,22713,22271,51.270880361173816,0.48191751667818084,1.045323141698725,0.009941871494778575,0.7902935417615258,0.009998756989883074,0.0007983373038284017,227130,2.489525150858637e-07,0.0007983373036710808,4361.376956519501,11398.93610393092,True,True,True,True,0.32448428410735586,2.0424078018792646,580.5780095839483,True,2.4424906541753444e-15
sample_size,4,200,1000,0.0001,1,1,0.01,0.01,455,21941,21486,48.11622807017544,0.5382336782800664,0.9573775259888903,0.00993763407102456,0.6899817697822532,0.009999927883293295,0.0007669615233537275,219410,2.7592962045408717e-07,0.000766961523490612,4391.265905858847,11398.93610393092,True,True,True,True,0.32227569675759893,2.0763442218498933,584.3242797972911,True,3.1086244689504383e-15
sample_size,5,200,1000,0.0001,1,1,0.01,0.01,460,21959,21499,47.633405639913235,0.4783879572252085,0.9714525253379727,0.00998380195819264,0.7127689368151752,0.0099993940848993,0.0007936262552965848,219590,2.3034847086451478e-07,0.000793626256336606,4443.757477154892,11398.93610393092,True,True,True,True,0.3184688378549018,2.0975307644098997,590.8963474083188,True,1.9984014443252818e-15
dimension,0,100,1000,0.0001,1,1,0.01,0.01,208,22698,22490,108.60287081339713,0.5538647184938581,0.9698206157782322,0.009930721099296895,0.8291502599938035,0.009999351572095642,0.0009044333756660794,226980,5.840396584377283e-08,0.0009044333758088456,1534.970149351757,11982.02043886351,True,True,True,True,0.4609856028979489,1.7320854523039286,212.3207150806849,True,2.220446049250313e-15
dimension,1,100,1000,0.0001,1,1,0.01,0.01,218,23144,22926,105.68036529680366,0.5475522004602567,1.0348165048144988,0.00988840972440561,0.8871349454315451,0.009999885397336315,0.0009091934970459165,231440,4.993922844768671e-08,0.0009091934969670355,1473.3371969067027,11982.02043886351,True,True,True,True,0.48026964989066395,1.7130154161612687,203.96938709606275,True,2.220446049250313e-15
dimension,2,100,1000,0.0001,1,1,0.01,0.01,203,23045,22842,112.9656862745098,0.49413983135383804,1.0247969538614696,0.009889405149977732,0.8944701399072492,0.009998489159690932,0.0008983044907849245,230450,5.670348173227162e-08,0.0008983044909402111,1475.9602915067203,11982.02043886351,True,True,True,True,0.4794161088215513,1.6903864231947845,204.3251094468195,True,2.6645352591003757e-15
dimension,3,100,1000,0.0001,1,1,0.01,0.01,225,23163,22938,102.49115044247787,0.5814877505108657,1.045323141698725,0.009892586834394628,0.888130527366555,0.009998352804642901,0.0008926046058177676,231630,5.443066050873924e-08,0.0008926046057148334,1483.5737880581644,11982.02043886351,True,True,True,True,0.4769558113152189,1.7040296290638701,205.3574424543985,True,1.9984014443252818e-15
dimension,4,100,1000,0.0001,1,1,0.01,0.01,206,22597,22391,109.16425120772946,0.6279358053767027,0.95737752598889,0.009891288844825007,0.8096451218769309,0.009998880143517047,0.0008779188864032169,225970,6.549832440822542e-08,0.0008779188864558964,1481.217008799631,11982.02043886351,True,True,True,True,0.47771470049666004,1.7172426727026386,205.03790412338577,True,1.7763568394002505e-15
dimension,5,100,1000,0.0001,1,1,0.01,0.01,229,22492,22263,97.79130434782608,0.6155542994036661,0.9714525253379724,0.00998124451491439,0.8107134520213468,0.009999510499678463,0.0008956168330967432,224920,5.3136565262992545e-08,0.0008956168336316869,1452.6637163795701,11982.02043886351,True,True,True,True,0.48710457330950785,1.7240474215331032,201.16491653706407,True,1.7763568394002505e-15
dimension,0,100,2000,0.0001,1,1,0.01,0.01,207,22676,22469,109.01923076923077,0.5113257356961273,0.9505837043647715,0.009853800875398853,0.8631160583268448,0.009998602963559472,0.00047624456744641724,226760,2.520444045039967e-08,0.00047624456760966106,1208.7827382477763,12249.6799501025,True,True,True,True,0.6140528610072887,1.524620065960506,160.2428355806096,True,2.55351295663786e-15
dimension,1,100,2000,0.0001,1,1,0.01,0.01,193,23043,22850,118.77835051546391,0.43797897408033676,1.0004595755306898,0.009840624720296455,0.921656378539477,0.009999473869553967,0.0004689704928381967,230430,3.0533423058369006e-08,0.00046897049283687963,1185.9121021155397,12249.6799501025,True,True,True,True,0.6258950367680419,1.4808987594251046,157.25865782543826,True,1.7763568394002505e-15
dimension,2,100,2000,0.0001,1,1,0.01,0.01,196,23272,23076,118.13197969543147,0.3857063321683445,1.0474135921318442,0.00992095513303194,0.9694342730550712,0.009999780763092062,0.00047693723646627254,232720,2.4161763306402445e-08,0.0004769372365174127,1187.451159204864,12249.6799501025,True,True,True,True,0.6250838133454669,1.486238364458856,157.4595319525219,True,1.9984014443252818e-15
dimension,3,100,2000,0.0001,1,1,0.01,0.01,196,23183,22987,117.68020304568527,0.47267133759843527,1.0220057247522116,0.009930720893111013,0.9385884787060014,0.009999101345950145,0.000470991212620761,231830,2.8992208693431347e-08,0.000470991212538098,1220.19295290317,12249.6799501025,True,True,True,True,0.6083107569104068,1.468774160167108,161.73097246388355,True,2.6645352591003757e-15
dimension,4,100,2000,0.0001,1,1,0.01,0.01,194,22765,22571,116.74358974358974,0.5711840385042898,0.9566879117284425,0.009850822780623826,0.8701727730108157,0.00999920450090427,0.00047868650725736066,227650,2.1595858474475625e-08,0.0004786865072462881,1208.1004348596828,12249.6799501025,True,True,True,True,0.6143996619316526,1.46080207640981,160.1538343096446,True,2.220446049250313e-15
dimension,5,100,2000,0.0001,1,1,0.01,0.01,198,23006,22808,115.60804020100502,0.4852633594266086,1.0144157745283435,0.009866270243040652,0.929850453002059,0.009999288636672895,0.0004677787519245329,230060,3.2268401880787416e-08,0.00046777875210981927,1207.878333133853,12249.6799501025,True,True,True,True,0.6145126362449762,1.4862032015949105,160.1248624868068,True,2.4424906541753444e-15
dimension,0,100,3000,0.0001,1,1,0.01,0.01,195,22725,22530,115.9438775510204,0.4749952093512866,0.9448964104645037,0.009920071120256363,0.8787766838259625,0.009998452727988591,0.00032366314674433865,227250,1.4600807654683646e-08,0.0003236631467694721,1123.699647285544,12335.777686299873,True,True,True,True,0.6785885854860583,1.3838690317939932,145.2245972526721,True,2.7755575615628914e-15
dimension,1,100,3000,0.0001,1,1,0.01,0.01,197,22956,22759,115.93939393939394,0.4347018329083494,0.9832355490669765,0.009875453643481559,0.9170209832454549,0.009999239140552597,0.00032041137536307503,229560,2.021921582203019e-08,0.00032041137534229283,1155.0866431042843,12335.777686299873,True,True,True,True,0.6601493998003374,1.3872641047442917,149.22045745291086,True,2.1094237467877974e-15
dimension,2,100,3000,0.0001,1,1,0.01,0.01,198,23234,23036,116.7537688442211,0.4817252545285527,1.0494913145421347,0.009939929055407283,0.9782022719772797,0.009998266044645128,0.00032093029304508855,232340,1.9286095497794833e-08,0.0003209302931129574,1127.7281794720975,12335.777686299873,True,True,True,True,0.6761644942841003,1.3773295784487651,145.73764867319977,True,1.7763568394002505e-15
dimension,3,100,3000,0.0001,1,1,0.01,0.01,214,23206,22992,107.93488372093023,0.5113133780262433,1.031243217418547,0.009931277017947266,0.9537428355292424,0.00999958980037485,0.00032239496071757796,232060,1.623743708335997e-08,0.00032239496063579144,1131.7333763126567,12335.777686299873,True,True,True,True,0.6737715526665008,1.3832273247248772,146.24767527989496,True,3.552713678800501e-15
dimension,4,100,3000,0.0001,1,1,0.01,0.01,200,22870,22670,113.78109452736318,0.4616706647298168,0.9704988861770821,0.009987470330932478,0.9025022139298132,0.009998697715919986,0.00032156180321658536,228700,1.8466586481327567e-08,0.0003215618032186745,1123.1895468529294,12335.777686299873,True,True,True,True,0.6788967688483354,1.388506303311835,145.15962989226267,True,1.9984014443252818e-15
dimension,5,100,3000,0.0001,1,1,0.01,0.01,190,23029,22839,120.57068062827226,0.43760991079209866,1.0080741181802133,0.009982165950887667,0.943131824685428,0.00999813741046254,0.0003203321341490922,230290,1.9469897161533983e-08,0.00032033213426134596,1135.2532784819925,12335.777686299873,True,True,True,True,0.6716824946608381,1.3935500886809289,146.69586029160635,True,1.9984014443252818e-15
initialization,0,100,1000,0.0001,0.001,1,0.01,0.01,-1,0,1,,0.0008768237372628007,0.0019107950634912325,0.0008768237372628007,0.0019107950634912325,0.0019107950634912325,0.001907118992919161,1,5.840396584377283e-08,0.0009044333758088456,785.7325120419267,nan,True,,True,True,0.4609856028979489,1.7320854523039286,212.3207150806849,True,2.220446049250313e-15
initialization,1,100,1000,0.0001,0.001,1,0.01,0.01,-1,0,1,,0.0009480462973530811,0.002059202767308061,0.0009480462973530811,0.002059202767308061,0.002059202767308061,0.0020552213015146035,1,4.993922844768671e-08,0.0009091934969670355,754.1833548354074,nan,True,,True,True,0.48026964989066395,1.7130154161612687,203.96938709606275,True,2.220446049250313e-15
initialization,2,100,1000,0.0001,0.001,1,0.01,0.01,-1,0,1,,0.001095299436056635,0.0019958344711842346,0.001095299436056635,0.0019958344711842346,0.0019958344711842346,0.0019912757235313,1,5.670348173227162e-08,0.0008983044909402111,755.5260849922549,nan,True,,True,True,0.4794161088215513,1.6903864231947845,204.3251094468195,True,2.6645352591003757e-15
initialization,3,100,1000,0.0001,0.001,1,0.01,0.01,-1,0,1,,0.001130226569731766,0.0020863046428307294,0.001130226569731766,0.0020863046428307294,0.0020863046428307294,0.0020815953791749123,1,5.443066050873924e-08,0.0008926046057148334,759.4233410876357,nan,True,,True,True,0.4769558113152189,1.7040296290638701,205.3574424543985,True,1.9984014443252818e-15
initialization,4,100,1000,0.0001,0.001,1,0.01,0.01,-1,0,1,,0.001231780625951919,0.0019469870134465955,0.001231780625951919,0.0019469870134465955,0.0019469870134465955,0.0019418979382235162,1,6.549832440822542e-08,0.0008779188864558964,758.2169345083822,nan,True,,True,True,0.47771470049666004,1.7172426727026386,205.03790412338577,True,1.7763568394002505e-15
initialization,5,100,1000,0.0001,0.001,1,0.01,0.01,-1,0,1,,0.0011262599511961816,0.0018624817576091406,0.0011262599511961816,0.0018624817576091406,0.0018624817576091406,0.0018578192630623164,1,5.3136565262992545e-08,0.0008956168336316869,743.6008521111075,nan,True,,True,True,0.48710457330950785,1.7240474215331032,201.16491653706407,True,1.7763568394002505e-15
initialization,0,100,1000,0.0001,1,1,0.01,0.01,208,22698,22490,108.60287081339713,0.5538647184938581,0.9698206157782322,0.009930721099296895,0.8291502599938035,0.009999351572095642,0.0009044333756660794,226980,5.840396584377283e-08,0.0009044333758088456,1534.970149351757,11982.02043886351,True,True,True,True,0.4609856028979489,1.7320854523039286,212.3207150806849,True,2.220446049250313e-15
initialization,1,100,1000,0.0001,1,1,0.01,0.01,218,23144,22926,105.68036529680366,0.5475522004602567,1.0348165048144988,0.00988840972440561,0.8871349454315451,0.009999885397336315,0.0009091934970459165,231440,4.993922844768671e-08,0.0009091934969670355,1473.3371969067027,11982.02043886351,True,True,True,True,0.48026964989066395,1.7130154161612687,203.96938709606275,True,2.220446049250313e-15
initialization,2,100,1000,0.0001,1,1,0.01,0.01,203,23045,22842,112.9656862745098,0.49413983135383804,1.0247969538614696,0.009889405149977732,0.8944701399072492,0.009998489159690932,0.0008983044907849245,230450,5.670348173227162e-08,0.0008983044909402111,1475.9602915067203,11982.02043886351,True,True,True,True,0.4794161088215513,1.6903864231947845,204.3251094468195,True,2.6645352591003757e-15
initialization,3,100,1000,0.0001,1,1,0.01,0.01,225,23163,22938,102.49115044247787,0.5814877505108657,1.045323141698725,0.009892586834394628,0.888130527366555,0.009998352804642901,0.0008926046058177676,231630,5.443066050873924e-08,0.0008926046057148334,1483.5737880581644,11982.02043886351,True,True,True,True,0.4769558113152189,1.7040296290638701,205.3574424543985,True,1.9984014443252818e-15
initialization,4,100,1000,0.0001,1,1,0.01,0.01,206,22597,22391,109.16425120772946,0.6279358053767027,0.95737752598889,0.009891288844825007,0.8096451218769309,0.009998880143517047,0.0008779188864032169,225970,6.549832440822542e-08,0.0008779188864558964,1481.217008799631,11982.02043886351,True,True,True,True,0.47771470049666004,1.7172426727026386,205.03790412338577,True,1.7763568394002505e-15
initialization,5,100,1000,0.0001,1,1,0.01,0.01,229,22492,22263,97.79130434782608,0.6155542994036661,0.9714525253379724,0.00998124451491439,0.8107134520213468,0.009999510499678463,0.0008956168330967432,224920,5.3136565262992545e-08,0.0008956168336316869,1452.6637163795701,11982.02043886351,True,True,True,True,0.48710457330950785,1.7240474215331032,201.16491653706407,True,1.7763568394002505e-15
initialization,0,100,1000,0.0001,100,1,0.01,0.01,529,45723,45194,86.26981132075471,55.66474132677611,97.0535980309267,0.009976204773013085,77.51801623996597,0.009998801975678054,0.0009044333758088456,457230,5.840396584377283e-08,0.0009044333758088456,2034.4619075583105,34779.89264672535,True,True,True,True,0.4609856028979489,1.7320854523039286,212.3207150806849,True,2.220446049250313e-15
initialization,1,100,1000,0.0001,100,1,0.01,0.01,571,46169,45598,80.71503496503496,54.84941315218245,103.30804053819953,0.009908841211145745,82.2481112428097,0.009999341888801036,0.0009091934969670355,461690,4.993922844768671e-08,0.0009091934969670355,1952.7730916208995,34779.89264672535,True,True,True,True,0.48026964989066395,1.7130154161612687,203.96938709606275,True,2.220446049250313e-15
initialization,2,100,1000,0.0001,100,1,0.01,0.01,536,46069,45533,85.78957169459963,49.06767162653511,102.46287681187744,0.009925961477432655,83.48239249347498,0.009999773709607255,0.0008983044909402111,460690,5.670348173227162e-08,0.0008983044909402111,1956.2497625163637,34779.89264672535,True,True,True,True,0.4794161088215513,1.6903864231947845,204.3251094468195,True,2.6645352591003757e-15
initialization,3,100,1000,0.0001,100,1,0.01,0.01,562,46187,45625,82.0373001776199,58.19967872805271,104.3099310047524,0.009978348490068846,82.58659224852906,0.009999618909627186,0.0008926046057148334,461870,5.443066050873924e-08,0.0008926046057148334,1966.3407527051831,34779.89264672535,True,True,True,True,0.4769558113152189,1.7040296290638701,205.3574424543985,True,1.9984014443252818e-15
initialization,4,100,1000,0.0001,100,1,0.01,0.01,527,45622,45095,86.40530303030303,62.798532970812545,95.66635121085682,0.009919802317289431,75.6370072518761,0.00999833110163626,0.0008779188864558964,456220,6.549832440822542e-08,0.0008779188864558964,1963.2170583271302,34779.89264672535,True,True,True,True,0.47771470049666004,1.7172426727026386,205.03790412338577,True,1.7763568394002505e-15
initialization,5,100,1000,0.0001,100,1,0.01,0.01,573,45517,44944,79.2979094076655,61.604510128942266,97.36357741984499,0.009972781642197403,75.59075306713349,0.009998953611430616,0.0008956168336316869,455170,5.3136565262992545e-08,0.0008956168336316869,1925.3722925585448,34779.89264672535,True,True,True,True,0.48710457330950785,1.7240474215331032,201.16491653706407,True,1.7763568394002505e-15
initialization,0,100,1000,0.0001,10000,1,0.01,0.01,911,68748,67837,75.38157894736842,5569.642316342342,9706.966167623703,0.009927391953527029,7182.025912081494,0.009998252412374871,0.0009044333758088456,687480,5.840396584377283e-08,0.0009044333758088456,2533.953665764864,57577.76485458719,True,True,True,True,0.4609856028979489,1.7320854523039286,212.3207150806849,True,2.220446049250313e-15
initialization,1,100,1000,0.0001,10000,1,0.01,0.01,986,69194,68208,70.10536980749747,5486.282490423975,10329.958954387446,0.009919910663422437,7568.584326967601,0.009998798412839174,0.0009091934969670355,691940,4.993922844768671e-08,0.0009091934969670355,2432.2089863350966,57577.76485458719,True,True,True,True,0.48026964989066395,1.7130154161612687,203.96938709606275,True,2.220446049250313e-15
initialization,2,100,1000,0.0001,10000,1,0.01,0.01,935,69094,68159,73.81837606837607,4903.750164671144,10247.010495445045,0.009891692858927315,7708.7571794860405,0.009999222164672415,0.0008983044909402111,690940,5.670348173227162e-08,0.0008983044909402111,2436.539233526007,57577.76485458719,True,True,True,True,0.4794161088215513,1.6903864231947845,204.3251094468195,True,2.6645352591003757e-15
initialization,3,100,1000,0.0001,10000,1,0.01,0.01,943,69212,68269,73.3177966101695,5820.999390375876,10429.66026882404,0.009899574849252352,7651.388302159322,0.009999075284523722,0.0008926046057148334,692120,5.443066050873924e-08,0.0008926046057148334,2449.107717352202,57577.76485458719,True,True,True,True,0.4769558113152189,1.7040296290638701,205.3574424543985,True,1.9984014443252818e-15
initialization,4,100,1000,0.0001,10000,1,0.01,0.01,919,68646,67727,74.61521739130434,6280.4617344848575,9566.812107205358,0.009944534265734701,6993.215922440153,0.009999609924313197,0.0008779188864558964,686460,6.549832440822542e-08,0.0008779188864558964,2445.217107854629,57577.76485458719,True,True,True,True,0.47771470049666004,1.7172426727026386,205.03790412338577,True,1.7763568394002505e-15
initialization,5,100,1000,0.0001,10000,1,0.01,0.01,965,68542,67577,70.9544513457557,6161.42861772151,9739.431990844976,0.009980319030562622,6991.1185185233,0.009998396756938099,0.0008956168336316869,685420,5.3136565262992545e-08,0.0008956168336316869,2398.0808687375197,57577.76485458719,True,True,True,True,0.48710457330950785,1.7240474215331032,201.16491653706407,True,1.7763568394002505e-15
initialization,0,100,1000,0.0001,1000000,1,0.01,0.01,1335,91772,90437,68.69161676646706,556996.2989597721,970713.5714076802,0.009898433623799214,659814.3754022821,0.009999532449641944,0.0009044333758088456,917720,5.840396584377283e-08,0.0009044333758088456,3033.4454239714178,80375.63706244902,True,True,True,True,0.4609856028979489,1.7320854523039286,212.3207150806849,True,2.220446049250313e-15
initialization,1,100,1000,0.0001,1000000,1,0.01,0.01,1421,92219,90798,64.85161744022504,548642.060038599,1032988.3354444196,0.009954867988204615,693784.7341599602,0.009998254969448781,0.0009091934969670355,922190,4.993922844768671e-08,0.0009091934969670355,2911.644881049294,80375.63706244902,True,True,True,True,0.48026964989066395,1.7130154161612687,203.96938709606275,True,2.220446049250313e-15
initialization,2,100,1000,0.0001,1000000,1,0.01,0.01,1363,92119,90756,67.53592375366568,490345.2926043967,1024709.1686870775,0.00990899792896897,707642.5263994648,0.00999867065301577,0.0008983044909402111,921190,5.670348173227162e-08,0.0008983044909402111,2916.828704535651,80375.63706244902,True,True,True,True,0.4794161088215513,1.6903864231947845,204.3251094468195,True,2.6645352591003757e-15
initialization,3,100,1000,0.0001,1000000,1,0.01,0.01,1345,92237,90892,68.52674591381873,582110.7766940946,1042953.5895658924,0.009922598905747437,706017.5638476876,0.009998531691974727,0.0008926046057148334,922370,5.443066050873924e-08,0.0008926046057148334,2931.8746819992216,80375.63706244902,True,True,True,True,0.4769558113152189,1.7040296290638701,205.3574424543985,True,1.9984014443252818e-15
initialization,4,100,1000,0.0001,1000000,1,0.01,0.01,1352,91671,90319,67.75388026607538,628052.816735594,956683.8715817326,0.009920622986121966,641307.9349397306,0.009999060838545975,0.0008779188864558964,916710,6.549832440822542e-08,0.0008779188864558964,2927.217157382129,80375.63706244902,True,True,True,True,0.47771470049666004,1.7172426727026386,205.03790412338577,True,1.7763568394002505e-15
initialization,5,100,1000,0.0001,1000000,1,0.01,0.01,1388,91566,90178,65.92224622030237,616153.1246233652,973974.8325731023,0.009960500917087913,642420.0633929189,0.009999693777081375,0.0008956168336316869,915660,5.3136565262992545e-08,0.0008956168336316869,2870.789444916495,80375.63706244902,True,True,True,True,0.48710457330950785,1.7240474215331032,201.16491653706407,True,1.7763568394002505e-15
learning_rate,0,100,1000,0.0001,1,0.5,0.01,0.01,418,45397,44979,108.34606205250597,0.5538647184938581,0.9698206157782322,0.009924848853893964,0.8290657771604557,0.009999475061975857,0.0009044333756660697,453970,5.840396584377283e-08,0.0009044333758088456,3069.940298703514,23964.04087772702,True,True,True,True,0.4609856028979489,1.7320854523039286,212.3207150806849,True,2.220446049250313e-15
learning_rate,1,100,1000,0.0001,1,0.5,0.01,0.01,437,46290,45853,105.68493150684931,0.5475522004602567,1.0348165048144988,0.009958222325546433,0.8871528902459824,0.00999912302616126,0.0009091934970458833,462900,4.993922844768671e-08,0.0009091934969670355,2946.6743938134055,23964.04087772702,True,True,True,True,0.48026964989066395,1.7130154161612687,203.96938709606275,True,2.220446049250313e-15
learning_rate,2,100,1000,0.0001,1,0.5,0.01,0.01,407,46090,45683,112.9656862745098,0.49413983135383804,1.0247969538614696,0.009961065044053438,0.8944876821359052,0.009999547006871693,0.000898304490784835,460900,5.670348173227162e-08,0.0008983044909402111,2951.9205830134406,23964.04087772702,True,True,True,True,0.4794161088215513,1.6903864231947845,204.3251094468195,True,2.6645352591003757e-15
learning_rate,3,100,1000,0.0001,1,0.5,0.01,0.01,451,46326,45875,102.49115044247787,0.5814877505108657,1.045323141698725,0.009962507589596043,0.8881489502565715,0.00999940080137659,0.0008926046058178272,463260,5.443066050873924e-08,0.0008926046057148334,2967.1475761163288,23964.04087772702,True,True,True,True,0.4769558113152189,1.7040296290638701,205.3574424543985,True,1.9984014443252818e-15
learning_rate,4,100,1000,0.0001,1,0.5,0.01,0.01,413,45194,44781,109.16425120772946,0.6279358053767027,0.95737752598889,0.00997045106247974,0.8096635494258101,0.00999991286211557,0.0008779188864031872,451940,6.549832440822542e-08,0.0008779188864558964,2962.434017599262,23964.04087772702,True,True,True,True,0.47771470049666004,1.7172426727026386,205.03790412338577,True,1.7763568394002505e-15
learning_rate,5,100,1000,0.0001,1,0.5,0.01,0.01,460,44985,44525,97.58134490238612,0.6155542994036661,0.9714525253379724,0.00997568664783326,0.8106307939474423,0.00999962607934591,0.0008956168330967098,449850,5.3136565262992545e-08,0.0008956168336316869,2905.3274327591403,23964.04087772702,True,True,True,True,0.48710457330950785,1.7240474215331032,201.16491653706407,True,1.7763568394002505e-15
learning_rate,0,100,1000,0.0001,1,1,0.01,0.01,208,22698,22490,108.60287081339713,0.5538647184938581,0.9698206157782322,0.009930721099296895,0.8291502599938035,0.009999351572095642,0.0009044333756660794,226980,5.840396584377283e-08,0.0009044333758088456,1534.970149351757,11982.02043886351,True,True,True,True,0.4609856028979489,1.7320854523039286,212.3207150806849,True,2.220446049250313e-15
learning_rate,1,100,1000,0.0001,1,1,0.01,0.01,218,23144,22926,105.68036529680366,0.5475522004602567,1.0348165048144988,0.00988840972440561,0.8871349454315451,0.009999885397336315,0.0009091934970459165,231440,4.993922844768671e-08,0.0009091934969670355,1473.3371969067027,11982.02043886351,True,True,True,True,0.48026964989066395,1.7130154161612687,203.96938709606275,True,2.220446049250313e-15
learning_rate,2,100,1000,0.0001,1,1,0.01,0.01,203,23045,22842,112.9656862745098,0.49413983135383804,1.0247969538614696,0.009889405149977732,0.8944701399072492,0.009998489159690932,0.0008983044907849245,230450,5.670348173227162e-08,0.0008983044909402111,1475.9602915067203,11982.02043886351,True,True,True,True,0.4794161088215513,1.6903864231947845,204.3251094468195,True,2.6645352591003757e-15
learning_rate,3,100,1000,0.0001,1,1,0.01,0.01,225,23163,22938,102.49115044247787,0.5814877505108657,1.045323141698725,0.009892586834394628,0.888130527366555,0.009998352804642901,0.0008926046058177676,231630,5.443066050873924e-08,0.0008926046057148334,1483.5737880581644,11982.02043886351,True,True,True,True,0.4769558113152189,1.7040296290638701,205.3574424543985,True,1.9984014443252818e-15
learning_rate,4,100,1000,0.0001,1,1,0.01,0.01,206,22597,22391,109.16425120772946,0.6279358053767027,0.95737752598889,0.009891288844825007,0.8096451218769309,0.009998880143517047,0.0008779188864032169,225970,6.549832440822542e-08,0.0008779188864558964,1481.217008799631,11982.02043886351,True,True,True,True,0.47771470049666004,1.7172426727026386,205.03790412338577,True,1.7763568394002505e-15
learning_rate,5,100,1000,0.0001,1,1,0.01,0.01,229,22492,22263,97.79130434782608,0.6155542994036661,0.9714525253379724,0.00998124451491439,0.8107134520213468,0.009999510499678463,0.0008956168330967432,224920,5.3136565262992545e-08,0.0008956168336316869,1452.6637163795701,11982.02043886351,True,True,True,True,0.48710457330950785,1.7240474215331032,201.16491653706407,True,1.7763568394002505e-15
learning_rate,0,100,1000,0.0001,1,2,0.01,0.01,103,11349,11246,109.125,0.5538647184938581,0.9698206157782322,0.009942261870147361,0.8293192375010603,0.009997274953791307,0.0009044333756662413,113490,5.840396584377283e-08,0.0009044333758088456,767.4850746758785,5991.010219431755,True,True,True,True,0.4609856028979489,1.7320854523039286,212.3207150806849,True,2.220446049250313e-15
learning_rate,1,100,1000,0.0001,1,2,0.01,0.01,108,11572,11464,106.1651376146789,0.5475522004602567,1.0348165048144988,0.009900686740873708,0.8873159856303712,0.009997791433344118,0.0009091934970458252,115720,4.993922844768671e-08,0.0009091934969670355,736.6685984533514,5991.010219431755,True,True,True,True,0.48026964989066395,1.7130154161612687,203.96938709606275,True,2.220446049250313e-15
learning_rate,2,100,1000,0.0001,1,2,0.01,0.01,101,11522,11421,112.96078431372548,0.49413983135383804,1.0247969538614696,0.009746874029308376,0.8944351880270325,0.00999820941597989,0.0008983044907849481,115220,5.670348173227162e-08,0.0008983044909402111,737.9801457533601,5991.010219431755,True,True,True,True,0.4794161088215513,1.6903864231947845,204.3251094468195,True,2.6645352591003757e-15
learning_rate,3,100,1000,0.0001,1,2,0.01,0.01,112,11581,11469,102.48672566371681,0.5814877505108657,1.045323141698725,0.009753502579811713,0.8880938211515456,0.009998066399805966,0.0008926046058177513,115810,5.443066050873924e-08,0.0008926046057148334,741.7868940290822,5991.010219431755,True,True,True,True,0.4769558113152189,1.7040296290638701,205.3574424543985,True,1.9984014443252818e-15
learning_rate,4,100,1000,0.0001,1,2,0.01,0.01,102,11298,11196,109.68932038834951,0.6279358053767027,0.95737752598889,0.009899557143349004,0.8098098478562012,0.009998642579469282,0.0008779188864032238,112980,6.549832440822542e-08,0.0008779188864558964,740.6085043998155,5991.010219431755,True,True,True,True,0.47771470049666004,1.7172426727026386,205.03790412338577,True,1.7763568394002505e-15
learning_rate,5,100,1000,0.0001,1,2,0.01,0.01,114,11246,11132,97.79130434782608,0.6155542994036661,0.9714525253379724,0.009842925443791138,0.8106765089349548,0.009997425425290455,0.0008956168330973445,112460,5.3136565262992545e-08,0.0008956168336316869,726.3318581897851,5991.010219431755,True,True,True,True,0.48710457330950785,1.7240474215331032,201.16491653706407,True,1.7763568394002505e-15
